Date,Symbol,Open,High,Low,Close,Volume ETH,Volume USD
19/03/2019,ETHUSD,137.02,137.02,136.98,136.98,0,0
18/03/2019,ETHUSD,138.11,141.2,135.57,137.02,11488.29,1578382.1
17/03/2019,ETHUSD,140.62,140.79,136.75,138.11,10913.31,1520583.52
16/03/2019,ETHUSD,135.65,144.78,135.65,140.62,38713.38,5510601.85
15/03/2019,ETHUSD,131.46,136.81,131.46,135.65,14449.01,1948988.03
14/03/2019,ETHUSD,131.11,134.7,128.9,131.46,14787.65,1941623.16
13/03/2019,ETHUSD,132.77,132.85,130.25,131.11,6217.16,817159.62
12/03/2019,ETHUSD,131.89,134.41,127.69,132.77,15193.44,2007158.48
11/03/2019,ETHUSD,134.64,135.39,130.55,131.89,12907.36,1708943.03
10/03/2019,ETHUSD,136.34,136.55,133.47,134.64,2960.7,399229.79
09/03/2019,ETHUSD,132.91,138.04,132.12,136.34,6221.14,845377.88
08/03/2019,ETHUSD,136.22,138.62,130,132.91,16290.24,2194231.1
07/03/2019,ETHUSD,137.03,139.5,134.84,136.22,17483.43,2404630.44
06/03/2019,ETHUSD,136.32,140.18,133.31,137.03,20437.09,2786914.81
05/03/2019,ETHUSD,125.38,137.52,124.9,136.32,25703.74,3396222.99
04/03/2019,ETHUSD,129.66,130.35,122.61,125.38,15845.47,1997439.6
03/03/2019,ETHUSD,132.32,134.56,127.39,129.66,6861.54,898938.54
02/03/2019,ETHUSD,134.91,136.2,129.69,132.32,13845.58,1840079.38
01/03/2019,ETHUSD,134.7,137.53,133.95,134.91,11534.07,1563828.89
28/02/2019,ETHUSD,134.47,138.94,131.69,134.7,20577.33,2783047
27/02/2019,ETHUSD,135.95,139.55,125.77,134.47,29125.28,3822219.25
26/02/2019,ETHUSD,137.69,138.09,133.12,135.95,14405.13,1953411.12
25/02/2019,ETHUSD,131.82,141.02,131.32,137.69,36122.84,4931276.19
24/02/2019,ETHUSD,157.67,165.5,129.32,131.82,92159.9,13095889.8
23/02/2019,ETHUSD,146.61,159.43,144.31,157.67,19191.07,2940746.02
22/02/2019,ETHUSD,144.4,147.99,142.2,146.61,31469.22,4588219.01
21/02/2019,ETHUSD,147.98,148.55,141.93,144.4,22658.48,3286055.78
20/02/2019,ETHUSD,142.77,148.33,139.29,147.98,30128.73,4298916.54
19/02/2019,ETHUSD,144.56,149.13,141.95,142.77,26152.4,3814133.19
18/02/2019,ETHUSD,132.44,147.83,131.29,144.56,31691.91,4455126.24
17/02/2019,ETHUSD,121.83,136.86,121.34,132.44,63240.91,8128440.96
16/02/2019,ETHUSD,120.26,123.57,120.26,121.83,3725.71,455814.84
15/02/2019,ETHUSD,119.28,123.3,119.28,120.26,8202.44,989711.64
14/02/2019,ETHUSD,120.66,123.07,118.97,119.28,13488.14,1627624.23
13/02/2019,ETHUSD,120.91,125.09,119.59,120.66,16180.75,1963437.66
12/02/2019,ETHUSD,119.49,122.35,117.24,120.91,18876.23,2259210.86
11/02/2019,ETHUSD,123.88,124.11,118.4,119.49,19298.69,2314304.48
10/02/2019,ETHUSD,118.07,125.02,115,123.88,15246.37,1809885.25
09/02/2019,ETHUSD,118.27,119.69,116.35,118.07,7468.55,877637.32
08/02/2019,ETHUSD,103.13,121.93,101,118.27,63533.27,6968384.48
07/02/2019,ETHUSD,103.44,104.74,102.73,103.13,6698.08,693569.12
06/02/2019,ETHUSD,106.01,106.4,100,103.44,30328.14,3102428.94
05/02/2019,ETHUSD,106.09,106.66,105.2,106.01,9478.96,1005705.44
04/02/2019,ETHUSD,106.01,107.85,105.5,106.09,8854.36,940946.06
03/02/2019,ETHUSD,109.18,109.77,104.7,106.01,6233.03,667881.7
02/02/2019,ETHUSD,106.01,110,105.27,109.18,8640.54,926739.73
01/02/2019,ETHUSD,105.7,107.44,103.01,106.01,13203.89,1387258.18
31/01/2019,ETHUSD,107.61,110.03,104.74,105.7,19913.28,2111230.41
30/01/2019,ETHUSD,104.01,109.44,103,107.61,22768.71,2430703.76
29/01/2019,ETHUSD,105.35,105.91,101,104.01,69582.93,7141255.71
28/01/2019,ETHUSD,111,112.1,100.82,105.35,58880.87,6088646.92
27/01/2019,ETHUSD,115.01,115.22,110.57,111,34306.91,3862809.18
26/01/2019,ETHUSD,114.98,117.4,110,115.01,6633.12,766817.04
25/01/2019,ETHUSD,116.3,117.06,114.25,114.98,19107.57,2204291.96
24/01/2019,ETHUSD,116.45,117.05,113.8,116.3,19565.23,2262297.32
23/01/2019,ETHUSD,118.03,118.94,115.05,116.45,14761.03,1725130.62
22/01/2019,ETHUSD,116.01,119.59,111.06,118.03,20423.19,2373002.9
21/01/2019,ETHUSD,117.4,118.16,113.61,116.01,9428.34,1094767.74
20/01/2019,ETHUSD,123.6,123.62,115.81,117.4,12272.05,1453216.27
19/01/2019,ETHUSD,121.03,126.37,119.35,123.6,13809.19,1708704.8
18/01/2019,ETHUSD,122.43,122.63,118.2,119.51,10856.07,1305284.48
17/01/2019,ETHUSD,122.01,123.8,117.2,122.43,21131.92,2555257.68
16/01/2019,ETHUSD,120,127.51,119.38,122.01,30564.81,3728678.73
15/01/2019,ETHUSD,128.39,130.63,117.03,120,37707.28,4698503.54
14/01/2019,ETHUSD,115.35,131.47,115.35,128.39,41202.99,5109204.1
13/01/2019,ETHUSD,124.46,125.32,113.4,115.35,19682.87,2337070.41
12/01/2019,ETHUSD,125.77,127.31,123.35,124.46,5380.85,676645.86
11/01/2019,ETHUSD,126.43,128.82,121.66,125.77,16005.89,2015668.8
10/01/2019,ETHUSD,149.42,150.84,122.24,126.43,56725.36,7496323.86
09/01/2019,ETHUSD,148.83,153.12,148.15,149.42,21376.58,3225311.14
08/01/2019,ETHUSD,150.27,153.01,146.52,148.83,25718.8,3850561
07/01/2019,ETHUSD,155.83,157.07,148.45,150.27,30049.43,4589595.95
06/01/2019,ETHUSD,153.93,159.5,148.3,155.83,48883.44,7482491.33
05/01/2019,ETHUSD,153.56,160.7,152.02,153.93,23920.27,3759270.56
04/01/2019,ETHUSD,147.07,155.46,145.11,153.56,34482.59,5194087.23
03/01/2019,ETHUSD,153.57,154.39,144.48,147.07,20948.64,3114243.17
02/01/2019,ETHUSD,139.48,156.83,138.78,153.57,50997.02,7556046.75
01/01/2019,ETHUSD,130.8,140.92,128.72,139.48,22869.36,3056806.52
31/12/2018,ETHUSD,138.87,138.99,128.24,130.8,37309.08,4966387.72
30/12/2018,ETHUSD,134.19,139.96,128.84,138.87,14825.31,2007891.31
29/12/2018,ETHUSD,137.26,147,131.74,134.19,22240.81,3073759.28
28/12/2018,ETHUSD,114.37,138.44,113.27,137.26,43772.83,5573926.18
27/12/2018,ETHUSD,130.31,131.79,112.01,114.37,80560.46,9378964.73
26/12/2018,ETHUSD,129,136.42,123.6,130.31,24918.78,3236871.32
25/12/2018,ETHUSD,139.02,139.8,122,129,50135.35,6404675.4
24/12/2018,ETHUSD,129.54,159.26,129.54,139.02,82894.86,11970142.85
23/12/2018,ETHUSD,115.89,133,115.89,129.54,41855.53,5297541
22/12/2018,ETHUSD,107.7,120,105.72,115.89,21214.75,2392034.82
21/12/2018,ETHUSD,114.8,119.2,105.02,107.7,77499.65,8676301.27
20/12/2018,ETHUSD,99.38,118,98.62,114.8,101949.68,11319131.7
19/12/2018,ETHUSD,100.91,109.21,98,99.38,90900.65,9371362.93
18/12/2018,ETHUSD,93.88,101.48,91.5,100.91,40242.73,3821591.21
17/12/2018,ETHUSD,83.72,97.24,83.65,93.88,56944.15,5248065.92
16/12/2018,ETHUSD,82.93,86.62,82.93,83.72,17178.21,1462886.75
15/12/2018,ETHUSD,83,84.98,80.83,82.93,21053.07,1738394.45
14/12/2018,ETHUSD,84.98,85.92,80.98,83,34325.58,2864900.45
13/12/2018,ETHUSD,89.07,90.23,83.77,84.98,43795.34,3799171.37
12/12/2018,ETHUSD,87.02,91,86.03,89.07,31563.15,2807223.51
11/12/2018,ETHUSD,89.36,90.95,85,87.26,23032.8,2011237.88
10/12/2018,ETHUSD,92.47,94.87,87.5,89.36,27893.94,2517292.81
09/12/2018,ETHUSD,90.08,98.29,88.23,92.47,16884.55,1584602.51
08/12/2018,ETHUSD,92.57,94.18,84.05,90.08,39711.93,3504567.85
07/12/2018,ETHUSD,89.05,96.51,81.5,92.57,125974.84,10987426.24
06/12/2018,ETHUSD,100.59,105,89.05,89.05,158728.47,14984295.41
05/12/2018,ETHUSD,108.62,109.12,100.43,100.59,34672.06,3618586.04
04/12/2018,ETHUSD,107.13,112.05,104.77,108.62,24950.12,2704242.13
03/12/2018,ETHUSD,114.79,115.1,104.86,107.13,27036.1,2957350.44
02/12/2018,ETHUSD,116.75,119.38,113,114.79,22121.02,2544995.36
01/12/2018,ETHUSD,111.97,121.12,110,116.75,19557.57,2280123.42
30/11/2018,ETHUSD,116.41,119.46,109.5,112.05,39462.4,4484623.11
29/11/2018,ETHUSD,121.77,123.03,113.15,116.41,47437.74,5597345
28/11/2018,ETHUSD,108.71,126,108.71,121.77,69767.11,8155122.68
27/11/2018,ETHUSD,106.82,111.23,99.26,108.71,70984.6,7377161.54
26/11/2018,ETHUSD,114.5,116.85,102.73,106.82,89084.78,9661091.66
25/11/2018,ETHUSD,110.66,118.81,98.2,114.5,116346.4,12560155.97
24/11/2018,ETHUSD,121.32,125.96,106.61,110.66,48101.46,5549720.48
23/11/2018,ETHUSD,123.17,125.12,115.2,121.32,70236.74,8458068.27
22/11/2018,ETHUSD,134.61,136.99,122.5,123.17,38084.55,4973516.4
21/11/2018,ETHUSD,127.49,137.27,122.5,134.61,94977.47,12352164.75
20/11/2018,ETHUSD,145.42,149.67,120.38,127.49,190636.95,25156651.91
19/11/2018,ETHUSD,175.62,175.79,142.38,145.42,91475.88,14171386.64
18/11/2018,ETHUSD,172.49,179.55,171.76,175.62,12417.16,2168041.55
17/11/2018,ETHUSD,172.58,174.99,170.58,172.49,11180.47,1929612.23
16/11/2018,ETHUSD,178.64,179.86,169,172.74,39847.33,7010066.78
15/11/2018,ETHUSD,178.26,181.09,165.35,178.64,40643.15,7067765.57
14/11/2018,ETHUSD,203.31,204.85,165,178.26,93164.97,17043825.67
13/11/2018,ETHUSD,208.74,208.74,203,203.31,11259.82,2313295.92
12/11/2018,ETHUSD,209.88,211.93,207.1,208.74,7960.87,1665260.95
11/11/2018,ETHUSD,210.47,210.99,206,209.88,6833.15,1424993.55
10/11/2018,ETHUSD,208.2,212.58,207.85,210.47,2462.72,519370.45
09/11/2018,ETHUSD,209.99,212.07,206.45,208.2,9001.27,1881637.72
08/11/2018,ETHUSD,216.51,217.98,209.76,209.99,25733.18,5459289.99
07/11/2018,ETHUSD,218.54,222.78,215.27,216.51,20298.29,4440433.98
06/11/2018,ETHUSD,208.55,218.88,207.09,218.54,31071.27,6597926.03
05/11/2018,ETHUSD,210.1,211.27,205.63,208.55,16885.08,3501347.01
04/11/2018,ETHUSD,198.39,217.55,198.01,210.1,16616.73,3443190.17
03/11/2018,ETHUSD,199.65,199.94,198.01,198.39,4257.41,846309.83
02/11/2018,ETHUSD,197.75,202.21,197.65,199.65,14096.93,2811694.59
01/11/2018,ETHUSD,196.95,198.24,195.56,197.75,10366.27,2039661.93
31/10/2018,ETHUSD,195.36,198.99,192,196.95,21466.61,4196826.88
30/10/2018,ETHUSD,194.25,196.28,192.56,195.36,12082.55,2348284.35
29/10/2018,ETHUSD,202.46,202.67,190.52,194.25,25379.04,4956877.34
28/10/2018,ETHUSD,201.44,203.08,201.02,202.46,5388.28,1086373.87
27/10/2018,ETHUSD,200.66,201.58,200.25,201.44,3912.18,786821.24
26/10/2018,ETHUSD,199.64,204,198.52,200.66,14026.93,2814459.42
25/10/2018,ETHUSD,200.71,200.94,195,199.64,24931.58,4942964.12
24/10/2018,ETHUSD,201.14,203.14,200.25,200.71,13769.6,2774062.53
23/10/2018,ETHUSD,201.02,202.04,197.71,201.14,10931.46,2189213.26
22/10/2018,ETHUSD,202.05,203.1,199.7,201.02,17044.2,3428001.63
21/10/2018,ETHUSD,202.69,205.89,201.49,202.05,5136.2,1045769.98
20/10/2018,ETHUSD,200.69,204.55,200.5,202.69,12581.98,2556211.47
19/10/2018,ETHUSD,199.15,201.53,197.46,200.69,13195.16,2632431.79
18/10/2018,ETHUSD,203.27,205.32,196.97,199.15,24104.17,4852698.03
17/10/2018,ETHUSD,205.64,206.5,201.35,203.27,10623.73,2165185.45
16/10/2018,ETHUSD,204.26,204.26,203.53,203.53,0,0
15/10/2018,ETHUSD,191.55,221.57,190,204.26,81720.95,16762958.3
14/10/2018,ETHUSD,197,201.1,189.19,191.55,9538.28,1866147.92
13/10/2018,ETHUSD,194.12,198.5,193.66,197,5299.46,1043124.69
12/10/2018,ETHUSD,188.39,197.84,186.76,194.12,39371.41,7593169.53
11/10/2018,ETHUSD,224,224,185.29,188.39,66492.88,13354576.39
10/10/2018,ETHUSD,226.51,230,221.6,224,24732.11,5539258
09/10/2018,ETHUSD,227.75,229.36,224.96,226.51,18767.37,4253385.73
08/10/2018,ETHUSD,224.92,230.54,222.65,227.75,19313.78,4384020.25
07/10/2018,ETHUSD,224.44,225.91,220.35,224.92,3905.32,873273.88
06/10/2018,ETHUSD,226.13,227.22,221.56,224.44,3666.12,821322.11
05/10/2018,ETHUSD,221,230.11,218.86,226.13,14787.41,3288840.16
04/10/2018,ETHUSD,219.2,225,218.26,221,17976.96,4000720.33
03/10/2018,ETHUSD,224.81,225.84,214.41,219.2,28841.06,6290808.37
02/10/2018,ETHUSD,230.24,230.8,221.86,224.81,21163.9,4778957.54
01/10/2018,ETHUSD,232.21,234.87,224.01,230.24,18619.7,4267832.52
30/09/2018,ETHUSD,231.57,238.42,225.95,232.21,7020.62,1630787.59
29/09/2018,ETHUSD,221.48,235.71,213.01,231.57,9403.98,2157221.02
28/09/2018,ETHUSD,228.71,233.27,213.74,221.48,28443.28,6358812.94
27/09/2018,ETHUSD,213.96,234.11,210,228.71,50381.6,11129206.73
26/09/2018,ETHUSD,219.11,222.49,207.35,213.96,26825.15,5799432.97
25/09/2018,ETHUSD,228,228,203.2,219.11,38700.94,8282223.67
24/09/2018,ETHUSD,244.15,246.36,225.04,228,22588.86,5284536.87
23/09/2018,ETHUSD,240.17,248.99,236.82,244.15,27853.48,6816523.87
22/09/2018,ETHUSD,248.02,255.22,232.73,240.17,14325.63,3453488.45
21/09/2018,ETHUSD,224.8,253.46,221.12,248.02,75388.68,17570704.59
20/09/2018,ETHUSD,209.71,230.78,206.65,224.8,28139.04,6072153.94
19/09/2018,ETHUSD,208.35,214.5,197.24,209.71,33120.16,6863521.1
18/09/2018,ETHUSD,196.5,214.38,193.27,208.35,50157.68,10270720.74
17/09/2018,ETHUSD,220.37,224.88,192.21,196.5,54702.68,11364136.35
16/09/2018,ETHUSD,222.07,223.58,207.99,220.37,8736.26,1892881.18
15/09/2018,ETHUSD,215.41,226.86,211,222.07,14289.41,3150137.1
14/09/2018,ETHUSD,211.54,224.79,202.65,215.41,48592.29,10423474.25
13/09/2018,ETHUSD,182.6,214.94,182.6,211.54,53414.83,10763419.04
12/09/2018,ETHUSD,184.9,184.9,167.49,182.6,78002.93,13583023.63
11/09/2018,ETHUSD,196.9,198.95,176.01,184.9,49548.48,9152094.06
10/09/2018,ETHUSD,196.29,202.52,186.65,196.9,38348.96,7456913.39
09/09/2018,ETHUSD,196.87,208.11,175.7,196.29,74845.25,14386006.79
08/09/2018,ETHUSD,215.3,219.51,186,196.87,51058.59,10261357.05
07/09/2018,ETHUSD,229.25,234.04,210.07,215.3,50477.22,11166069.92
06/09/2018,ETHUSD,227.86,235,210,229.25,83379.91,18712356.76
05/09/2018,ETHUSD,284.78,287.64,226.43,227.86,53240.67,13313862.29
04/09/2018,ETHUSD,288.73,291.97,280.56,284.78,31791.19,9077051.61
03/09/2018,ETHUSD,294.24,296.45,285.24,288.73,11418.55,3304591.42
02/09/2018,ETHUSD,295.19,299.61,289,294.24,8569.62,2522358.74
01/09/2018,ETHUSD,281.61,302,280.34,295.19,16593.04,4814210
31/08/2018,ETHUSD,284.14,284.8,276.65,281.61,12389.62,3482801.14
30/08/2018,ETHUSD,288.52,290.98,272.51,284.14,20165.39,5649771.81
29/08/2018,ETHUSD,295.24,297,284.3,288.52,15506.05,4492649.69
28/08/2018,ETHUSD,287.82,297.53,282.88,295.24,21287.73,6143401.65
27/08/2018,ETHUSD,274.39,288.38,271.63,287.82,21011.57,5841834.95
26/08/2018,ETHUSD,277.74,277.74,269.61,274.39,8384.27,2293207.41
25/08/2018,ETHUSD,282.08,282.78,276.79,277.74,8080.58,2252274.88
24/08/2018,ETHUSD,275.62,283,270.02,282.08,21744.55,5999831.2
23/08/2018,ETHUSD,270.32,280.75,268.17,275.62,24799.66,6822707.77
22/08/2018,ETHUSD,280.86,298.67,259.49,270.32,72522.34,20256072.97
21/08/2018,ETHUSD,270.76,285.68,269.35,280.86,20469.11,5687234.05
20/08/2018,ETHUSD,299.88,303.82,269.19,270.76,27619.18,7774642.64
19/08/2018,ETHUSD,294.7,306.85,289.13,299.88,26372.15,7873857.42
18/08/2018,ETHUSD,317.18,321.08,283,294.7,20473.65,6104914.99
17/08/2018,ETHUSD,287.22,317.49,285.62,317.18,65350.85,19709691
16/08/2018,ETHUSD,281.28,299.03,278,287.22,29041.78,8362569
15/08/2018,ETHUSD,278.49,304.75,277.01,281.28,46300.13,13384762.45
14/08/2018,ETHUSD,284.17,284.25,250.33,278.49,93169.13,24446963.5
13/08/2018,ETHUSD,318.34,322.29,281.18,284.17,56863.44,16988217.84
12/08/2018,ETHUSD,308.09,308.09,308.09,308.09,0,0
11/08/2018,ETHUSD,328.15,328.15,304.49,308.09,24219.2,7642470.79
10/08/2018,ETHUSD,363.25,365.76,325,328.15,26979.48,9306069.58
09/08/2018,ETHUSD,355.4,370.29,351.3,363.25,17904.22,6467826.6
08/08/2018,ETHUSD,377.7,380.73,347.66,355.4,33433.65,12077860.65
07/08/2018,ETHUSD,404.78,410.2,369,377.7,18717.11,7386165.71
06/08/2018,ETHUSD,408.82,414,401,404.78,9726.21,3940600.74
05/08/2018,ETHUSD,406.18,413.16,400,408.82,5477.61,2222747.93
04/08/2018,ETHUSD,417.43,420,400.94,406.18,4851.35,1984765.38
03/08/2018,ETHUSD,410.9,419.25,398.08,417.43,14130.75,5777686.11
02/08/2018,ETHUSD,419.1,423.92,407,410.9,28811.92,11984723.8
01/08/2018,ETHUSD,431.63,434.39,407.49,419.1,18557.89,7771978.46
31/07/2018,ETHUSD,456.1,462.04,421.33,431.63,20067.34,8777970.94
30/07/2018,ETHUSD,466.04,469.02,445,456.1,15375.08,6985218.31
29/07/2018,ETHUSD,467.88,470.91,462,466.04,2149.9,999789.51
28/07/2018,ETHUSD,468.8,471.42,460.23,467.88,2999.92,1398379.84
27/07/2018,ETHUSD,462,473.49,455.29,468.8,13463.38,6252338.87
26/07/2018,ETHUSD,470.8,483.99,458.97,462,10598.61,5019537.99
25/07/2018,ETHUSD,480.34,485,463.04,470.8,8567.79,4059664.89
24/07/2018,ETHUSD,449,484.56,447.91,480.34,18722.12,8817034.02
23/07/2018,ETHUSD,457.21,469,446.34,449,12500.04,5733988.57
22/07/2018,ETHUSD,461.39,471.22,453.94,457.21,3464.49,1601494.8
21/07/2018,ETHUSD,450.24,467.97,442.5,461.39,4364.32,1997386.98
20/07/2018,ETHUSD,468.83,469.22,441,450.24,25191.64,11450385.56
19/07/2018,ETHUSD,478.81,483.36,462.06,468.83,19429.74,9165534.39
18/07/2018,ETHUSD,499.11,515.88,470.1,478.81,25198.37,12402282.36
17/07/2018,ETHUSD,478.71,511.11,465.53,499.11,33954.57,16477578.34
16/07/2018,ETHUSD,448.77,480,444,478.71,14288.66,6698361.13
15/07/2018,ETHUSD,433.59,454.27,431.32,448.77,5393.66,2405814.14
14/07/2018,ETHUSD,431,440.57,428.7,433.59,2637.64,1145631.77
13/07/2018,ETHUSD,430.98,441.95,425.16,431,10318.9,4484491.11
12/07/2018,ETHUSD,445.58,445.72,418.47,430.98,11187.93,4817703.52
11/07/2018,ETHUSD,433.12,447.3,425.08,445.58,13090.01,5723560.4
10/07/2018,ETHUSD,471.04,473.57,427.11,433.12,32401.13,14444606.25
09/07/2018,ETHUSD,485.87,487.88,468.84,471.04,13527.26,6480881.09
08/07/2018,ETHUSD,486,495,481.01,485.87,11453.83,5584120.07
07/07/2018,ETHUSD,468.3,486.3,461.31,486,6993.76,3296597.25
06/07/2018,ETHUSD,467.94,475,450.04,467.48,10534.54,4911465.9
05/07/2018,ETHUSD,467.15,478.07,457.75,467.94,20345.42,9529836.63
04/07/2018,ETHUSD,461.96,481.6,451.22,467.15,18529.57,8627336.98
03/07/2018,ETHUSD,476.74,485.67,457.6,461.96,29623.12,13942003.75
02/07/2018,ETHUSD,452.09,481.9,444.05,476.74,18843.86,8812247.24
01/07/2018,ETHUSD,453.67,455.92,444.65,452.09,7599.54,3423183.29
30/06/2018,ETHUSD,434.86,461,434.86,453.67,12069.9,5434884.71
29/06/2018,ETHUSD,420.4,442.73,403.19,434.86,45574.07,18830939.97
28/06/2018,ETHUSD,441.64,444,416.87,420.4,16710.44,7188545.19
27/06/2018,ETHUSD,429.41,445.45,418.85,441.64,28083.65,12120627.11
26/06/2018,ETHUSD,457.94,461,429.41,429.41,27954.51,12493826.41
25/06/2018,ETHUSD,455.35,472.75,444.8,457.94,27319.73,12558191.59
24/06/2018,ETHUSD,474.78,476.15,420.32,455.35,68470.38,30005082.91
23/06/2018,ETHUSD,463.32,480.33,457.4,474.78,10043.18,4710987.62
22/06/2018,ETHUSD,525.33,525.52,450,463.32,56383.04,26953910
21/06/2018,ETHUSD,536.4,545,521.8,525.33,12296.34,6529547.69
20/06/2018,ETHUSD,539.82,541.3,517.1,536.4,17161.81,9051537.82
19/06/2018,ETHUSD,517.47,547,514.2,539.82,18910.4,10086508.82
18/06/2018,ETHUSD,496.58,524.44,487.32,517.47,15201.88,7746750.84
17/06/2018,ETHUSD,497.72,507.88,493.76,496.58,6931.37,3468061.4
16/06/2018,ETHUSD,487.52,502.52,484.17,497.72,10599.44,5248185.08
15/06/2018,ETHUSD,519.82,520.98,482.84,487.52,59253.94,29456908.16
14/06/2018,ETHUSD,477.4,526.1,460,519.82,53021.94,26327219.51
13/06/2018,ETHUSD,494.57,502.37,450.84,477.4,64492.44,30458680.42
12/06/2018,ETHUSD,531.59,538.21,485,494.57,46178.16,23683309.03
11/06/2018,ETHUSD,525,536.01,507.69,531.59,33430.06,17433645.36
10/06/2018,ETHUSD,592.69,592.69,503.72,525,28900.21,15717773.07
09/06/2018,ETHUSD,602.61,608.92,590,592.69,7962.7,4772168.9
08/06/2018,ETHUSD,604.83,607,591.28,602.61,19313.03,11554990.15
07/06/2018,ETHUSD,605.79,615.42,598.18,604.83,21349.52,12947096.95
06/06/2018,ETHUSD,607.31,611.81,592.84,605.79,15494.85,9328061.66
05/06/2018,ETHUSD,590.66,612,575,607.31,28188.74,16740546.61
04/06/2018,ETHUSD,618.49,624.84,579.12,590.66,17216.66,10319798.14
03/06/2018,ETHUSD,590.62,628,590,618.49,7111.58,4366113.02
02/06/2018,ETHUSD,578.75,599.95,574,590.62,13449.28,7907573.69
01/06/2018,ETHUSD,577.3,588.61,564.01,578.75,18253.67,10476090.34
31/05/2018,ETHUSD,557.11,584.99,552.99,577.3,24802.46,14181804.49
30/05/2018,ETHUSD,566.72,585,542,557.11,39761.01,22475165.83
29/05/2018,ETHUSD,511.37,572.73,511,566.72,30245.98,16611324.93
28/05/2018,ETHUSD,569.23,574,506.82,511.37,28579.83,15213092.58
27/05/2018,ETHUSD,584.8,591.19,556.82,569.23,12215.74,6994195.99
26/05/2018,ETHUSD,584.6,606.1,568.58,584.8,14856.61,8743491.43
25/05/2018,ETHUSD,602.08,615.99,569,584.6,33677.89,19981844.66
24/05/2018,ETHUSD,573.94,609.77,545,602.08,49901.47,29135285.49
23/05/2018,ETHUSD,642,648.69,553.16,573.94,56677.77,33763467.59
22/05/2018,ETHUSD,696.21,699,636.3,642,33077.83,22246721.19
21/05/2018,ETHUSD,713.5,717.81,686.76,696.21,13934.72,9738367.88
20/05/2018,ETHUSD,696.64,722.92,687,713.5,11474.08,8170040.19
19/05/2018,ETHUSD,691.14,715.96,670,696.64,19925.33,13832377.94
18/05/2018,ETHUSD,668.8,692,657.02,691.14,33015.5,22318621.95
17/05/2018,ETHUSD,706.95,718.76,661.01,668.8,27612.22,19199179.28
16/05/2018,ETHUSD,706.11,710.53,677.08,706.95,24115.77,16703752.83
15/05/2018,ETHUSD,728.15,738,694.16,706.11,37570.44,27155849.85
14/05/2018,ETHUSD,729.3,741.72,685,728.15,49983.58,35785220.81
13/05/2018,ETHUSD,683.5,739.76,670.01,729.3,15194.32,10815153.26
12/05/2018,ETHUSD,684.66,691.41,640,683.5,20111.67,13384009.38
11/05/2018,ETHUSD,722.95,736.23,665.68,677.32,48905.08,34064069.94
10/05/2018,ETHUSD,750.82,767,719,722.95,33511.17,25055661.04
09/05/2018,ETHUSD,747.29,760.64,700,750.82,43688.79,32007639.78
08/05/2018,ETHUSD,751.28,775,720,747.29,30515.04,22784041.41
07/05/2018,ETHUSD,785.76,790.76,691.92,751.28,61983.59,45370943.77
06/05/2018,ETHUSD,815.15,833,749.18,785.76,25691.55,20039249.47
05/05/2018,ETHUSD,781.28,824,777.22,815.15,21938.98,17641042.54
04/05/2018,ETHUSD,774.98,802.86,758.63,781.28,32503.11,25371678.34
03/05/2018,ETHUSD,685.07,784.99,684.82,774.98,51108.67,37624317.18
02/05/2018,ETHUSD,669.5,689.29,661.8,685.07,26928.62,18207607.34
01/05/2018,ETHUSD,669.58,674.89,628.24,669.5,34913,22773977.27
30/04/2018,ETHUSD,689.69,693.82,661.18,669.58,24575.94,16729656.46
29/04/2018,ETHUSD,682.85,699,666,689.69,13424.74,9163242.39
28/04/2018,ETHUSD,643.09,692.98,640,682.85,16488.74,11146420.06
27/04/2018,ETHUSD,661.08,685.56,640.04,643.09,29371.5,19532202.58
26/04/2018,ETHUSD,617.5,665,599.38,661.08,38857.67,24360035.76
25/04/2018,ETHUSD,703.72,703.78,595.55,617.5,80327.39,51637886.09
24/04/2018,ETHUSD,643,710,642.99,703.72,54576.83,37593917.05
23/04/2018,ETHUSD,621.26,647.85,618.41,643,31204.61,19923348.93
22/04/2018,ETHUSD,605.76,642.9,591.47,621.26,24269.56,15112240
21/04/2018,ETHUSD,617.01,624.08,575,605.76,18954.35,11430005.37
20/04/2018,ETHUSD,566.26,624.99,557.24,618.13,48169.69,28145502.78
19/04/2018,ETHUSD,525.26,568.79,521.07,566.26,30570.46,16701894.99
18/04/2018,ETHUSD,502.68,526.21,500.95,525.26,25461.41,13083740.26
17/04/2018,ETHUSD,511.49,520.91,499.72,502.68,28233.22,14374948.99
16/04/2018,ETHUSD,534,538,498.98,511.49,25705.75,13174755.56
15/04/2018,ETHUSD,502.21,534,502.21,534,21791.38,11334675.08
14/04/2018,ETHUSD,495.2,514,486.97,502.21,15541.98,7790041.18
13/04/2018,ETHUSD,494.14,529,481.27,495.2,60605.24,30698752.56
12/04/2018,ETHUSD,429.98,498.25,400,494.14,99897.39,45235958.32
11/04/2018,ETHUSD,415.01,433.33,410.43,429.98,24763.33,10430197.48
10/04/2018,ETHUSD,398.88,418.68,391.14,415.01,19840.83,8052632.73
09/04/2018,ETHUSD,400.94,430.61,388,398.88,46634.18,18772054.89
08/04/2018,ETHUSD,384.92,404,384.5,400.94,11853.22,4691225.78
07/04/2018,ETHUSD,370.2,395,370.19,384.92,11512.38,4435414.76
06/04/2018,ETHUSD,380.99,386,363.91,369.08,29959.24,11102323.93
05/04/2018,ETHUSD,378.05,386.99,365.28,380.99,35896.68,13523579.08
04/04/2018,ETHUSD,415.49,417.21,370,378.05,38209.23,14844916.73
03/04/2018,ETHUSD,384.94,418.69,377.71,415.49,40997.88,16417442.8
02/04/2018,ETHUSD,378.55,393.69,373,384.94,31255.42,12001309.16
01/04/2018,ETHUSD,393.84,399.76,358.88,378.55,43415.4,16266719.32
31/03/2018,ETHUSD,393.81,420.01,389.22,393.84,30482.24,12335253.96
30/03/2018,ETHUSD,382.42,411,363,393.81,78815.9,29882672.19
29/03/2018,ETHUSD,445.52,448.97,380,382.42,104554.77,42566180.66
28/03/2018,ETHUSD,449.77,465.09,440,445.52,42334.11,19059294
27/03/2018,ETHUSD,486.22,492.31,447,449.77,52965.58,24426734.18
26/03/2018,ETHUSD,522.57,525.8,466,486.22,43337.8,21202765.43
25/03/2018,ETHUSD,519.98,535,512.59,522.57,14923.99,7786866.52
24/03/2018,ETHUSD,543,545,519.18,519.98,10951.06,5865898.72
23/03/2018,ETHUSD,539.49,543,507.08,543,32383.61,16908100.89
22/03/2018,ETHUSD,560.21,577.95,516.86,539.49,32072.36,17424763.7
21/03/2018,ETHUSD,558.09,593,545,560.21,37535.58,21343053.84
20/03/2018,ETHUSD,555.1,568.09,516.48,558.09,66496.89,36153189.18
19/03/2018,ETHUSD,538.2,558.91,512.5,555.1,92172.2,49705442.02
18/03/2018,ETHUSD,570,570,570,570,0,0
17/03/2018,ETHUSD,601.38,604.55,570,570,4472.14,2642953.59
16/03/2018,ETHUSD,611.24,625.16,584.55,601.38,37047.02,22499131.85
15/03/2018,ETHUSD,613.42,623.7,570.29,611.24,55802.74,33265792.64
14/03/2018,ETHUSD,690.34,704.85,583.01,613.42,53931.29,34516491.76
13/03/2018,ETHUSD,697.28,714,679.89,690.34,24321.07,16866728.66
12/03/2018,ETHUSD,720.2,739,676.22,697.28,22759.7,16033057.06
11/03/2018,ETHUSD,682.57,734.93,670.73,720.2,12974.05,9098913.85
10/03/2018,ETHUSD,727,749.49,676.56,682.57,19049.54,13794125.58
09/03/2018,ETHUSD,696.99,730.38,640,727,56567.05,38636052.17
08/03/2018,ETHUSD,749.89,771.43,686.7,696.99,45464.1,33042229.68
07/03/2018,ETHUSD,813.12,824.97,724,749.89,48766.14,37204198.58
06/03/2018,ETHUSD,848.03,849.65,802,813.12,23031.64,18969187.48
05/03/2018,ETHUSD,862.9,870.15,848,848.03,10963.3,9405981.92
04/03/2018,ETHUSD,854.6,867,835.32,862.9,9938.95,8483515.52
03/03/2018,ETHUSD,855.3,866.08,850,854.6,6303.67,5423369.11
02/03/2018,ETHUSD,868.75,876,847.5,855.3,20864.96,17966118.48
01/03/2018,ETHUSD,849.81,879,843.99,868.75,19838.26,17147944.45
28/02/2018,ETHUSD,870.5,888,847.59,849.81,17074.33,14827583.75
27/02/2018,ETHUSD,866.45,894.9,860,870.5,23933.63,20948713.8
26/02/2018,ETHUSD,840.87,878.25,836.32,866.45,20725.42,17877672.65
25/02/2018,ETHUSD,833.09,849.94,818,840.87,14394.36,11990530.84
24/02/2018,ETHUSD,856.58,876.43,810.18,833.09,21959.6,18486822.41
23/02/2018,ETHUSD,803.9,881.55,787.71,856.58,30686.51,25865723.21
22/02/2018,ETHUSD,840.01,870,788,803.9,42139.77,34571386.61
21/02/2018,ETHUSD,885.22,906.03,815.89,840.01,39257.84,33872667.23
20/02/2018,ETHUSD,939.6,959,876,885.22,30426.92,28075693.87
19/02/2018,ETHUSD,915.81,955,909,939.6,11128.68,10414420.81
18/02/2018,ETHUSD,976.98,983,909.98,915.81,24315.61,22879894.58
17/02/2018,ETHUSD,937.7,978.53,935,976.98,20721.18,19932480.81
16/02/2018,ETHUSD,927.97,946.71,910,937.7,22379.64,20841139.69
15/02/2018,ETHUSD,920.81,949.67,905.49,927.97,34269.48,31867842.95
14/02/2018,ETHUSD,840.58,925,840.01,920.81,39389.31,35024295.72
13/02/2018,ETHUSD,866.27,869.08,825,840.58,23427.43,19767064.93
12/02/2018,ETHUSD,812.56,874.97,810.09,866.27,40211.13,34299595.1
11/02/2018,ETHUSD,852,858.63,780.1,812.56,29061.85,23810217.75
10/02/2018,ETHUSD,879.49,910,817.2,852,50593.33,44038491.67
09/02/2018,ETHUSD,812.64,882,780.01,879.49,54621.69,45464260.28
08/02/2018,ETHUSD,750.91,845,750,812.64,52921.42,42573661.18
07/02/2018,ETHUSD,785.01,862,720.01,750.91,96641.84,77235842.52
06/02/2018,ETHUSD,692.32,813.99,564,785.01,223470.92,149408743.4
05/02/2018,ETHUSD,823.53,855,606,692.32,219924.79,157546843.7
04/02/2018,ETHUSD,970,970,779,823.53,67540.68,58644359.46
03/02/2018,ETHUSD,914.12,994.9,844.85,970,52928.34,48957122.56
02/02/2018,ETHUSD,1021.9,1021.9,735,914.12,195221.4,175951842.7
01/02/2018,ETHUSD,1101.69,1148.66,934.38,1021.9,105785,112293799.2
31/01/2018,ETHUSD,1052.95,1116,1013,1101.69,75773.48,80961280.99
30/01/2018,ETHUSD,1165,1169.1,1020,1052.95,94698.91,103735320.6
29/01/2018,ETHUSD,1223.6,1228.88,1138.66,1165,44723.5,52167019.28
28/01/2018,ETHUSD,1106,1228,1091.11,1223.6,48844.53,57075166.11
27/01/2018,ETHUSD,1048,1122.29,1032.01,1106,41650.94,44569384.96
26/01/2018,ETHUSD,1044,1075.65,985,1048,55153.99,57131992.41
25/01/2018,ETHUSD,1060,1103,1009.95,1044,59903.99,63581393.96
24/01/2018,ETHUSD,986.19,1064.49,956,1060,60791.71,61061722.94
23/01/2018,ETHUSD,998,1022,906.11,986.19,83861.53,81595827.79
22/01/2018,ETHUSD,1049.92,1080,915,998,81226.74,80695890.54
21/01/2018,ETHUSD,1149.68,1150,1010,1049.92,39134.9,41547675.22
20/01/2018,ETHUSD,1039.82,1164,1039.82,1149.68,59630.88,66144858.03
19/01/2018,ETHUSD,1024.11,1105,997.5,1039.82,79505.54,83067072.9
18/01/2018,ETHUSD,1026.6,1104,953.8,1024.11,141198.15,146679781.4
17/01/2018,ETHUSD,1069.51,1127.1,758.59,1026.6,238715.97,222119304.9
16/01/2018,ETHUSD,1274.09,1284.02,865,1069.51,167187.17,177586208.4
15/01/2018,ETHUSD,1360.53,1378.5,1261.98,1274.09,39594.63,52226792.62
14/01/2018,ETHUSD,1381.85,1387,1270,1360.53,43362.66,57579748.15
13/01/2018,ETHUSD,1259.74,1420.01,1205,1381.85,64476.78,86176158.55
12/01/2018,ETHUSD,1139,1280,1000,1259.74,78324.2,93383249.88
11/01/2018,ETHUSD,1251.81,1335,1100,1139,112094.24,134721692.5
10/01/2018,ETHUSD,1292.25,1387,1205,1251.81,108128.15,140943708.1
09/01/2018,ETHUSD,1135.25,1303.06,1128,1292.25,94368.75,114175787
08/01/2018,ETHUSD,1115.11,1231.12,960.42,1135.25,138201.78,157154766.6
07/01/2018,ETHUSD,1004.9,1115.12,1000,1115.11,67335.3,71536926.9
06/01/2018,ETHUSD,968.33,1007,963.5,1004.9,45005.17,44709481.67
05/01/2018,ETHUSD,947.88,1020,931.4,968.33,87910.32,85879162.36
04/01/2018,ETHUSD,940,999,905,947.88,108386.15,103045910.1
03/01/2018,ETHUSD,859.98,950,847.65,940,115126.42,103608286.9
02/01/2018,ETHUSD,750.77,877,750.77,859.98,99445.53,83225070.44
01/01/2018,ETHUSD,736.11,760,719,750.77,35343.63,26188799.51
31/12/2017,ETHUSD,697,744,692.11,736.11,26891.55,19245730.58
30/12/2017,ETHUSD,746.32,749.91,692,697,41800.8,29839912.27
29/12/2017,ETHUSD,720.23,752,708,746.32,53036.98,38949425.42
28/12/2017,ETHUSD,739.67,743.36,676,720.23,75191.53,52972789.08
27/12/2017,ETHUSD,754.79,765.8,706.14,739.67,54363.85,40336166.87
26/12/2017,ETHUSD,729.01,764.67,728.05,754.79,47195.94,35250093.21
25/12/2017,ETHUSD,690.92,755.7,682.77,729.01,52438.7,38004660.98
24/12/2017,ETHUSD,722.01,728.73,601.32,690.92,92061.2,60466637.94
23/12/2017,ETHUSD,672.46,764.95,660,722.01,65218,46817574.47
22/12/2017,ETHUSD,797.76,802.69,480,672.46,293412.72,191739093.3
21/12/2017,ETHUSD,805,841.45,765.12,797.76,98873.87,79177426.12
20/12/2017,ETHUSD,820.83,832.32,720,805,127748.84,100440721.1
19/12/2017,ETHUSD,787.1,872,770,820.83,125465.47,102655728.3
18/12/2017,ETHUSD,721.52,798.69,685.02,787.1,80206.4,59766657.67
17/12/2017,ETHUSD,696.26,739.57,692.78,721.52,36680.94,26348072.22
16/12/2017,ETHUSD,688.95,711.48,680,696.26,41623.06,28886917.27
15/12/2017,ETHUSD,698.18,699,615,688.95,110930.45,73706603.27
14/12/2017,ETHUSD,703.2,755,661.5,698.18,110813.78,78835611.64
13/12/2017,ETHUSD,671.51,758,600,703.2,179202.2,121631515.2
12/12/2017,ETHUSD,515.99,685.09,495,671.51,170207.04,98642077.7
11/12/2017,ETHUSD,440.16,519.23,439,515.99,73689.51,34987466.91
10/12/2017,ETHUSD,473.35,473.49,429,440.16,82507.18,36840300.98
09/12/2017,ETHUSD,453.68,502,450.1,473.35,59655.65,28726155.13
08/12/2017,ETHUSD,423.48,463,413.99,453.68,107044.24,46972965.28
07/12/2017,ETHUSD,421.27,436.81,400.01,423.48,95522.06,39975421.94
06/12/2017,ETHUSD,459.81,463,415,421.27,93347.59,40956678.04
05/12/2017,ETHUSD,467.5,469.5,450,459.81,41944.41,19316869.47
04/12/2017,ETHUSD,464,471.88,446.09,467.5,31152.74,14363347.37
03/12/2017,ETHUSD,457.03,481,445.01,464,36994.08,17304917.66
02/12/2017,ETHUSD,463.5,471,449.29,457.03,41997.48,19442344.61
01/12/2017,ETHUSD,433.84,467.96,413.95,463.5,52796.18,23391546.08
30/11/2017,ETHUSD,435.26,470.13,395,433.84,145126.01,62610758.96
29/11/2017,ETHUSD,468.24,515.61,418,435.26,99839.22,47800030.82
28/11/2017,ETHUSD,477.26,479,457.9,468.24,52075.92,24400671.43
27/11/2017,ETHUSD,469.8,489,460.1,477.26,52892.52,25110262.65
26/11/2017,ETHUSD,465.51,471.84,450,469.8,38623.82,17720597.94
25/11/2017,ETHUSD,470.52,484.6,456,465.51,53455.5,25145709.77
24/11/2017,ETHUSD,406.68,479.99,400.08,470.52,92073.22,40935341.32
23/11/2017,ETHUSD,381,428.07,375.16,406.68,82751.93,33593819.15
22/11/2017,ETHUSD,361,381.31,360.87,381,34225.28,12615543
21/11/2017,ETHUSD,368.24,375,350,361,75104.12,27321186.02
20/11/2017,ETHUSD,355,373.1,354.62,368.24,38172.44,13943801.48
19/11/2017,ETHUSD,347.37,373.21,344.89,355,31358.31,11179641.54
18/11/2017,ETHUSD,331.4,349,326.32,347.37,25481.32,8608822.96
17/11/2017,ETHUSD,330.01,334.55,326,331.4,20098.81,6657688.63
16/11/2017,ETHUSD,331.68,335,322.31,330.01,33830.83,11115737.78
15/11/2017,ETHUSD,335.39,340,325,331.68,58810.31,19552686.64
14/11/2017,ETHUSD,314.5,337.16,312.71,335.39,61700.92,20185847.9
13/11/2017,ETHUSD,306.47,318.63,305.36,314.5,35099.68,11030080.69
12/11/2017,ETHUSD,314,319,299.5,306.47,64763.35,19960542.89
11/11/2017,ETHUSD,298.01,321.2,297.51,314,36235.16,11159033.07
10/11/2017,ETHUSD,320.5,326,290,298.01,54138.08,16506941.7
09/11/2017,ETHUSD,307.21,331.23,305.57,320.5,51669.57,16525230.69
08/11/2017,ETHUSD,292.25,319.98,289.27,307.21,83017.93,25556324
07/11/2017,ETHUSD,297.54,303.5,288,292.25,44708.02,13089115.11
06/11/2017,ETHUSD,296.04,305.02,290.49,297.54,31571.15,9401761.27
05/11/2017,ETHUSD,302,302,295,296.04,7882.89,2342847.81
04/11/2017,ETHUSD,305.75,305.87,295,302,9250.88,2771979.04
03/11/2017,ETHUSD,285.31,308,282.72,305.75,30525.24,9078038.91
02/11/2017,ETHUSD,290.4,293,277.24,285.31,66309.96,18900681.47
01/11/2017,ETHUSD,303.49,304.79,289,290.4,34467.98,10261009.2
31/10/2017,ETHUSD,306.5,309.76,303.49,303.49,15328.63,4698752.45
30/10/2017,ETHUSD,303.22,309.42,303.05,306.5,11484.23,3518178.44
29/10/2017,ETHUSD,294.21,310,294,303.22,19998.76,6102039.69
28/10/2017,ETHUSD,296.66,297.84,292,294.21,9250.73,2726054.38
27/10/2017,ETHUSD,296.06,299.17,292.91,296.66,8122.91,2402011.33
26/10/2017,ETHUSD,296.45,301.86,293,296.06,13595.96,4029617.74
25/10/2017,ETHUSD,296.35,304,289,296.45,23785.01,7009570.06
24/10/2017,ETHUSD,286.25,313,280,296.35,51035.77,15458304.69
23/10/2017,ETHUSD,294.32,294.54,275.51,286.25,47239.96,13395689.71
22/10/2017,ETHUSD,300.01,306,291.56,294.32,17691.69,5232313.57
21/10/2017,ETHUSD,303.77,303.77,291.22,300.01,26061.83,7733632.02
20/10/2017,ETHUSD,308,311.76,302,303.77,29352.43,8995128.93
19/10/2017,ETHUSD,313.94,317.03,304.19,308,25441.33,7891022.21
18/10/2017,ETHUSD,316.21,316.21,287.99,313.94,66217.62,20038747.27
17/10/2017,ETHUSD,333.77,334.18,308.78,316.21,63277.02,20241567.83
16/10/2017,ETHUSD,336.49,350,330,333.77,36281.3,12357465.3
15/10/2017,ETHUSD,337.33,340.73,319.51,336.49,29926.06,9887248.15
14/10/2017,ETHUSD,336.64,346.51,333.36,337.33,21915.31,7468162.09
13/10/2017,ETHUSD,302.76,346.98,299,336.64,82601.81,26943789.04
12/10/2017,ETHUSD,302.5,307.27,301.01,302.76,40036.94,12198808.47
11/10/2017,ETHUSD,298.46,303.77,297.5,302.5,23785.16,7159725.69
10/10/2017,ETHUSD,295.98,304.97,291.21,298.46,18506.11,5540603.05
09/10/2017,ETHUSD,308.81,309.21,285.39,295.98,52208.1,15528028.66
08/10/2017,ETHUSD,311.82,314.56,308.53,308.81,18581.62,5781163.44
07/10/2017,ETHUSD,305.57,313,304.51,311.82,12178.96,3761650.26
06/10/2017,ETHUSD,294.28,305.57,293.81,305.57,20575.09,6179643.16
05/10/2017,ETHUSD,291.48,297.01,286.46,294.28,16539.28,4831361.92
04/10/2017,ETHUSD,291.78,296.03,289,291.48,33792.44,9918152.34
03/10/2017,ETHUSD,296.22,300.95,286.37,291.78,35081.83,10265995.73
02/10/2017,ETHUSD,302.9,302.9,292.29,296.22,29156.8,8684383.31
01/10/2017,ETHUSD,301.27,303,295,302.9,11908.69,3561786.78
30/09/2017,ETHUSD,293.24,304.96,293.17,301.27,14926.85,4484775.63
29/09/2017,ETHUSD,302.41,304.15,278,293.24,55100.11,15958716.04
28/09/2017,ETHUSD,309.88,310.11,297.88,302.41,39043.7,11831886.75
27/09/2017,ETHUSD,288.01,311.72,287.56,309.88,47287.99,14185245.38
26/09/2017,ETHUSD,293.84,295.52,287,288.01,21923.64,6375480.35
25/09/2017,ETHUSD,282.94,297.27,282.51,293.84,37721.22,11011191
24/09/2017,ETHUSD,285.53,294,274.95,282.94,31934.7,9111492.81
23/09/2017,ETHUSD,263.38,286.27,258.99,285.53,29792.66,8241597.94
22/09/2017,ETHUSD,258.5,270.98,254.51,263.38,45405.14,11878388.49
21/09/2017,ETHUSD,282.62,286.56,251.12,258.5,104271.31,28110086.57
20/09/2017,ETHUSD,283.01,293.89,278,282.62,47654.57,13636734.38
19/09/2017,ETHUSD,297.8,300.31,276,283.01,88727.6,25420144.55
18/09/2017,ETHUSD,260.02,300.77,260.02,297.8,118430.33,34145470.73
17/09/2017,ETHUSD,255.01,268,241.25,260.02,48550.98,12346982.33
16/09/2017,ETHUSD,258.48,270,247.32,255.01,46314.91,11792384.09
15/09/2017,ETHUSD,223.41,268.74,200,258.48,294160.02,68697793.5
14/09/2017,ETHUSD,275.49,280.49,222.09,223.41,247630.07,60435320.97
13/09/2017,ETHUSD,293.8,294.5,256.77,275.49,169610.7,46619134.65
12/09/2017,ETHUSD,298.36,317.31,286,293.8,98061.29,29448218.83
11/09/2017,ETHUSD,299.84,308.49,287.01,298.36,80234.78,23811758.53
10/09/2017,ETHUSD,302.83,305.35,283.48,299.84,78995.93,23211045.39
09/09/2017,ETHUSD,307.98,309.95,293.64,302.83,54638.73,16537936.23
08/09/2017,ETHUSD,335,335.08,290,307.98,134480.96,41555210.87
07/09/2017,ETHUSD,339.12,340,322.08,335,65719.35,21747712.41
06/09/2017,ETHUSD,317.62,341.24,316.64,339.12,102864.62,34012170.57
05/09/2017,ETHUSD,301.73,304.43,262.88,262.88,14098.61,3995324.39
04/09/2017,ETHUSD,352.18,352.18,280,301.73,212736.84,64412052.38
03/09/2017,ETHUSD,354.39,371.48,339.41,352.18,104014.06,36747502.35
02/09/2017,ETHUSD,392.13,393.21,333,354.39,207265.68,74673890.63
01/09/2017,ETHUSD,388.48,398.07,387.41,392.13,89903.04,35317972.06
31/08/2017,ETHUSD,384,390.01,380,388.48,108500.54,41812351.67
30/08/2017,ETHUSD,372.02,390.85,368,384,150439.19,57096980.42
29/08/2017,ETHUSD,348.17,374.35,345.28,372.02,165297.18,59894448.92
28/08/2017,ETHUSD,347.8,350,337.5,348.17,112604.1,38721563.97
27/08/2017,ETHUSD,331.33,347.96,331.13,347.8,58942.54,19941980.12
26/08/2017,ETHUSD,331.33,331.33,331.33,331.33,0,0
25/08/2017,ETHUSD,324.79,338.2,324,331.33,102655.62,34026981.93
24/08/2017,ETHUSD,317.74,328.7,315.53,324.79,107215.83,34455767.17
23/08/2017,ETHUSD,314.03,325.64,313.56,317.74,108934.79,34753058.53
22/08/2017,ETHUSD,321.98,328.02,292.73,314.03,165310.98,51440081.36
21/08/2017,ETHUSD,297.39,343.96,293.6,321.98,215598.48,69396403.19
20/08/2017,ETHUSD,292.94,297.97,288,297.39,88084.86,25733842.93
19/08/2017,ETHUSD,292.33,298.14,285.1,292.94,117238.43,34239926.67
18/08/2017,ETHUSD,300.95,306.02,285,292.33,88828.3,26358664.8
17/08/2017,ETHUSD,301,310,298,300.95,92386.87,28075399.02
16/08/2017,ETHUSD,286.46,302.07,280.25,301,94204.1,27444452.27
15/08/2017,ETHUSD,298.39,299.02,271,286.46,180656.32,51431090.82
14/08/2017,ETHUSD,295.45,305,289.02,298.39,129935.54,38779161.34
13/08/2017,ETHUSD,307.22,308.3,287.03,295.45,149358.68,44066931.43
12/08/2017,ETHUSD,308.77,320,304,307.22,132468.05,41373226.63
11/08/2017,ETHUSD,298.05,309.99,295.3,308.77,88835.52,26791099.1
10/08/2017,ETHUSD,295.72,310,289,298.05,112670.04,34007757.38
09/08/2017,ETHUSD,296.53,315.49,277.81,295.72,255087.64,75840226.25
08/08/2017,ETHUSD,269.58,299.99,266.5,296.53,134176.17,38185216.2
07/08/2017,ETHUSD,264.17,274.88,255.13,269.58,104572.8,27810016.48
06/08/2017,ETHUSD,253.7,271.87,247.83,264.17,171646.45,44607870.93
05/08/2017,ETHUSD,219.11,260.03,217.97,253.7,223906.21,53543456.27
04/08/2017,ETHUSD,224.02,227.65,218,219.11,102629.34,22817370.64
03/08/2017,ETHUSD,217.98,228.72,217.98,224.02,83325.94,18588806.48
02/08/2017,ETHUSD,225.72,228.91,215.31,217.98,83277.01,18353932.33
01/08/2017,ETHUSD,201.79,232,201.53,225.72,204704.62,44395657.24
31/07/2017,ETHUSD,195.64,202.98,190.07,201.79,144605.78,28327058.58
30/07/2017,ETHUSD,205.17,210,193,195.64,132745.47,26438435.05
29/07/2017,ETHUSD,191.24,209.81,176,205.17,193653.07,36523030.88
28/07/2017,ETHUSD,202.7,203.98,190,191.24,125224.7,24513007.16
27/07/2017,ETHUSD,202.78,206.88,198.56,202.7,118820.56,24024613.74
26/07/2017,ETHUSD,202.71,209,191,202.78,154896.38,30930681.94
25/07/2017,ETHUSD,225.91,226.56,191,202.71,264069.32,54616890.57
24/07/2017,ETHUSD,229.08,230.61,223.32,225.91,115416.19,26186250.92
23/07/2017,ETHUSD,232,235.93,220.12,229.08,153142.83,34998413.81
22/07/2017,ETHUSD,216.81,237.43,215.99,232,142040.47,32056215.26
21/07/2017,ETHUSD,228.88,237.97,208.69,216.81,162360.33,36304545.81
20/07/2017,ETHUSD,194.99,236.09,194.98,228.88,292474.73,64595504.83
19/07/2017,ETHUSD,226.19,246.8,190,194.99,339447.25,73273756.36
18/07/2017,ETHUSD,191.51,262.99,178,226.19,401689.43,84777351.79
17/07/2017,ETHUSD,155.38,191.52,153,191.51,243506.33,42028093.49
16/07/2017,ETHUSD,168.82,171.86,132,155.38,360853.19,55178164.18
15/07/2017,ETHUSD,197.03,198.52,168,168.82,198488.57,36155854.57
14/07/2017,ETHUSD,205.85,207.5,181.2,197.03,182149.21,35377279.66
13/07/2017,ETHUSD,224.5,226.65,192.25,205.85,192769.75,39998483.42
12/07/2017,ETHUSD,190.11,225.72,182.01,224.5,248222.74,51298465.49
11/07/2017,ETHUSD,203.35,215.96,175.5,190.11,290012.82,56414931.79
10/07/2017,ETHUSD,237.72,240.33,188.14,203.35,226172.48,49074397.62
09/07/2017,ETHUSD,245.44,253.31,237.02,237.72,101905.45,24961663.53
08/07/2017,ETHUSD,240.4,248,230.4,245.44,164101,39376219.27
07/07/2017,ETHUSD,266.17,266.56,235.02,240.4,184201.98,46026782.86
06/07/2017,ETHUSD,266.76,274,260.18,266.17,143510.61,38209259.23
05/07/2017,ETHUSD,270,273.89,253.27,266.76,161945.75,42713099.74
04/07/2017,ETHUSD,277,282,266,270,140335.27,38548958.17
03/07/2017,ETHUSD,283.99,284.82,273.03,277,126650.75,35296212.2
02/07/2017,ETHUSD,261.99,293.65,255.38,283.99,112725.96,30279694.18
01/07/2017,ETHUSD,280.8,283,252.6,261.99,163332.57,44139914.38
30/06/2017,ETHUSD,293.8,304.94,270.77,280.8,146545.22,42337469.59
29/06/2017,ETHUSD,317.59,322.84,285.23,293.8,152271.32,46521350.06
28/06/2017,ETHUSD,286.21,324.95,260.49,317.59,184030.56,54573461.77
27/06/2017,ETHUSD,253,288.17,210.02,286.21,173179.4,42085473.6
26/06/2017,ETHUSD,278.73,299.9,210,253,249076.24,60950252.99
25/06/2017,ETHUSD,304.8,310,251.49,278.73,118213.95,33404287.14
24/06/2017,ETHUSD,326.75,330.86,300.01,304.8,63424.4,20088764.28
23/06/2017,ETHUSD,319.68,330.53,319.39,326.75,62030.87,20181582.02
22/06/2017,ETHUSD,324.29,333.64,307.52,319.68,100754.93,32292488.51
21/06/2017,ETHUSD,350,352,280,324.29,176262.61,55589221.4
20/06/2017,ETHUSD,358.76,365,321,350,106539.35,37789346.4
19/06/2017,ETHUSD,351.01,361.53,347.16,358.76,53267.9,18928676.45
18/06/2017,ETHUSD,368.61,378.85,337.29,351.01,70306.99,25302913.8
17/06/2017,ETHUSD,348,368.61,335.32,368.61,58920.52,20946363.37
16/06/2017,ETHUSD,341.82,357.01,314.28,348,89412.59,30703438.05
15/06/2017,ETHUSD,341.52,346.96,250,341.82,254739.05,77957832.61
14/06/2017,ETHUSD,389.19,393,310,341.52,174703.56,62527519.96
13/06/2017,ETHUSD,394.9,398.92,356,389.19,89055.95,34070823.33
12/06/2017,ETHUSD,339,418.5,310,394.9,156872.57,56835613.91
11/06/2017,ETHUSD,331.22,346.99,309,339,58874.67,19758981.83
10/06/2017,ETHUSD,280.21,344.01,279.99,331.22,93171.47,28459166.17
09/06/2017,ETHUSD,261.04,280.37,260.01,280.21,65933.54,17698441.25
08/06/2017,ETHUSD,256.02,261.83,248,261.04,85525.81,21712884.62
07/06/2017,ETHUSD,267.44,267.48,246.12,256.02,46863.53,12065143.49
06/06/2017,ETHUSD,248.37,268.85,245.98,267.44,83824.46,21584001.96
05/06/2017,ETHUSD,245.9,248.98,240,248.37,50037.97,12272515
04/06/2017,ETHUSD,224.5,248.99,224.5,245.9,50112.03,11941813.3
03/06/2017,ETHUSD,222.78,227,219,224.5,41639.97,9311220.8
02/06/2017,ETHUSD,220.07,224.99,213.5,222.78,81448.32,17816553.75
01/06/2017,ETHUSD,228.99,234,205.26,220.07,125350.76,27620234.29
31/05/2017,ETHUSD,228.71,234,215,228.99,131779.56,29494154.97
30/05/2017,ETHUSD,194.99,231.8,186.15,228.71,151882.4,31344975.08
29/05/2017,ETHUSD,174,197.9,167.01,194.99,61601.23,11272032.25
28/05/2017,ETHUSD,159.23,182.36,159.23,174,57782.49,9908781.16
27/05/2017,ETHUSD,165.14,172,120.1,159.23,109646.5,16506476.03
26/05/2017,ETHUSD,180.78,195,143.25,165.14,131710.79,22968133.94
25/05/2017,ETHUSD,192.75,217.88,157.68,180.78,146233.71,28041969.29
24/05/2017,ETHUSD,170,200,168.74,192.75,148446.92,27727052.34
23/05/2017,ETHUSD,166.68,173.25,157,170,99089.38,16191831.24
22/05/2017,ETHUSD,146.77,175,136.33,166.68,152680.7,24496705.83
21/05/2017,ETHUSD,123.2,150,122.5,146.77,53609.26,7160097.63
20/05/2017,ETHUSD,124.39,128.5,121.14,123.2,34838.56,4369591.34
19/05/2017,ETHUSD,96.54,129,95.93,124.39,66937.62,7710506.7
18/05/2017,ETHUSD,87,97,86.49,96.54,30111.88,2796106.45
17/05/2017,ETHUSD,87.91,89.1,81,87,143376.53,11865111.45
16/05/2017,ETHUSD,90.24,92,84,87.91,151173.6,12939901.92
15/05/2017,ETHUSD,88.89,94.48,85,90.24,195736.59,17239540.64
14/05/2017,ETHUSD,87.8,88.89,87.5,88.89,6225.49,549957.69
13/05/2017,ETHUSD,85.38,88.3,81,87.8,16288.02,1392376.6
12/05/2017,ETHUSD,88.27,91.01,83.93,85.38,101938.7,8768077.71
11/05/2017,ETHUSD,89.15,90.48,84.5,88.27,107095.97,9147344.84
10/05/2017,ETHUSD,87.59,91.86,86.51,89.15,11930.97,1063082.82
09/05/2017,ETHUSD,89.66,92.98,74.3,87.59,36802.7,3114532.3
08/05/2017,ETHUSD,92.67,94.29,85.55,89.66,37847.94,3415663.22
07/05/2017,ETHUSD,95.84,98.79,88.85,92.67,52138.21,4945669.13
06/05/2017,ETHUSD,91.64,96.98,90.53,95.84,49146.76,4597061.09
05/05/2017,ETHUSD,94.99,97.98,88.05,91.64,48399.04,4526816.34
04/05/2017,ETHUSD,80,95.77,79.74,94.99,67030.48,5839628.09
03/05/2017,ETHUSD,77.7,81.86,75.18,80,29233.32,2292382.37
02/05/2017,ETHUSD,77.33,80.59,74.51,77.7,107670.73,8180421.27
01/05/2017,ETHUSD,79.71,84.84,72.12,77.33,130952.09,10295723.16
30/04/2017,ETHUSD,70.21,79.8,69.5,79.71,19186.26,1433018.92
29/04/2017,ETHUSD,72.65,73.98,67.36,70.21,13668.14,972610.16
28/04/2017,ETHUSD,63.35,74.1,62.5,72.65,32562.5,2187869.28
27/04/2017,ETHUSD,53.53,64.05,53.16,63.35,21150.87,1268864.02
26/04/2017,ETHUSD,50.42,56.02,50.41,53.53,22349.65,1187554.29
25/04/2017,ETHUSD,50.5,50.82,49.97,50.42,8653.88,435968.77
24/04/2017,ETHUSD,48.79,50.99,48.79,50.5,10785.38,540243.16
23/04/2017,ETHUSD,48.63,49.22,48.35,48.79,4244,206837.73
22/04/2017,ETHUSD,48.47,49.16,48.25,48.63,5359.25,261624.92
21/04/2017,ETHUSD,49.61,49.65,48.13,48.47,7741.24,378268.57
20/04/2017,ETHUSD,47.96,49.8,47.44,49.61,16186.93,784344.27
19/04/2017,ETHUSD,49.98,50.43,47.79,47.96,24277.1,1209906.47
18/04/2017,ETHUSD,48.23,50.4,48,49.98,17442.77,863914.93
17/04/2017,ETHUSD,48.29,48.7,47.69,48.23,7128.97,343918.54
16/04/2017,ETHUSD,48.53,49.13,47.57,48.29,10406.79,504569.25
15/04/2017,ETHUSD,47.5,48.98,46.99,48.53,19563.32,936823.64
14/04/2017,ETHUSD,50.23,50.25,46.52,47.5,13506.66,649265.97
13/04/2017,ETHUSD,46.54,50.91,46.49,50.23,21079.14,1037751.38
12/04/2017,ETHUSD,43.87,47.99,43.33,46.54,26082.3,1167010.32
11/04/2017,ETHUSD,43.92,44.68,43.73,43.87,3870.56,170588.45
10/04/2017,ETHUSD,43.87,45.65,42.8,43.92,5523.11,241127.33
09/04/2017,ETHUSD,44.85,44.85,43.21,43.87,3168.79,138817.56
08/04/2017,ETHUSD,42.42,45.76,42.42,44.85,7471.49,334359.72
07/04/2017,ETHUSD,43.48,44.48,41.9,42.42,11915.96,510087.83
06/04/2017,ETHUSD,45.38,45.95,41.45,43.48,19077.14,831181.87
05/04/2017,ETHUSD,44.59,47.26,44.36,45.38,12970.36,599318.7
04/04/2017,ETHUSD,44,45.92,41.42,44.59,23781.12,1044654.53
03/04/2017,ETHUSD,48.61,48.61,43,44,47001.53,2137023.54
02/04/2017,ETHUSD,50.92,51.15,47.56,48.61,19260.29,949806.71
01/04/2017,ETHUSD,49.07,51.91,48.75,50.92,16087.15,809603.53
31/03/2017,ETHUSD,51.99,52,46.44,49.07,39781.02,1976063.19
30/03/2017,ETHUSD,53.32,53.5,51.76,51.99,16244.75,857485.7
29/03/2017,ETHUSD,50.27,54.54,50.15,53.32,24058.06,1258183.91
28/03/2017,ETHUSD,48.81,50.75,48.53,50.27,21460.44,1063942.97
27/03/2017,ETHUSD,50.39,51.54,48,48.81,25598.01,1274703.51
26/03/2017,ETHUSD,50.32,51.5,48.48,50.39,14596.5,730753.2
25/03/2017,ETHUSD,52.81,52.98,47.4,50.32,56774.9,2807983.92
24/03/2017,ETHUSD,43.14,53,42.45,52.81,62530.48,3002461.5
23/03/2017,ETHUSD,41.35,44,40.51,43.14,26834.47,1131267.73
22/03/2017,ETHUSD,42.5,43.05,38.38,41.35,25858.84,1049615.69
21/03/2017,ETHUSD,42,43.94,41.71,42.5,15711.74,674101.32
20/03/2017,ETHUSD,42.31,45.9,40,42,36863.4,1588882.29
19/03/2017,ETHUSD,34,45.99,33.27,42.31,42060.19,1688948.5
18/03/2017,ETHUSD,44.51,44.71,31,34,70039.13,2596373.88
17/03/2017,ETHUSD,45.6,51.99,28.5,44.51,99319.45,4403610.58
16/03/2017,ETHUSD,35,46.5,34.95,45.6,95182.99,3858129.91
15/03/2017,ETHUSD,28.99,35,28.69,35,43996.77,1428284.2
14/03/2017,ETHUSD,28.76,29.96,27.5,28.99,29859.26,853678.63
13/03/2017,ETHUSD,23.6,32,23.6,28.76,245850.24,7185229.69
12/03/2017,ETHUSD,21.5,24,21.4,23.6,19543.48,437684.88
11/03/2017,ETHUSD,19.1,21.53,18.51,21.5,70708.17,1412310.09
10/03/2017,ETHUSD,18,19.78,16.47,19.1,332830.87,6211148.53
09/03/2017,ETHUSD,16.52,18.49,15.11,18,15452.72,266717.05
08/03/2017,ETHUSD,18.95,19.37,16.44,16.52,34003.3,608216.9
07/03/2017,ETHUSD,19.97,19.97,18.61,18.95,177247.46,3444742.58
06/03/2017,ETHUSD,19.2,20.51,18.97,19.97,169248.33,3415575.02
05/03/2017,ETHUSD,18.65,19.23,18.15,19.2,17130,320058.09
04/03/2017,ETHUSD,19.6,20.14,18.63,18.65,9311.64,179604.34
03/03/2017,ETHUSD,19.21,20.78,18.01,19.6,101699.21,2023536.98
02/03/2017,ETHUSD,17.87,19.48,17,19.21,47518.12,872491.32
01/03/2017,ETHUSD,16.05,17.9,15.8,17.87,304655.91,4960954.65
28/02/2017,ETHUSD,15.5,16.97,15.27,16.05,412558.43,6591844.96
27/02/2017,ETHUSD,14.95,15.98,14.41,15.5,24030.06,361690.03
26/02/2017,ETHUSD,13.72,14.95,13.46,14.95,10793.79,152058.13
25/02/2017,ETHUSD,13.22,13.72,13.13,13.72,8066.92,108861.76
24/02/2017,ETHUSD,13.14,13.32,12.68,13.22,9097.76,119358.66
23/02/2017,ETHUSD,12.69,13.35,12.53,13.14,19213.15,247260.47
22/02/2017,ETHUSD,12.84,12.85,12.69,12.69,2277.14,29128.69
21/02/2017,ETHUSD,12.54,12.84,12.25,12.84,10075.25,127566.33
20/02/2017,ETHUSD,12.78,12.89,12.54,12.54,8606.06,110216.69
19/02/2017,ETHUSD,12.8,13.03,12.78,12.78,12829.45,166780.06
18/02/2017,ETHUSD,12.74,12.91,12.74,12.8,9588.47,123277.05
17/02/2017,ETHUSD,12.96,12.96,12.73,12.74,9004.9,115323.04
16/02/2017,ETHUSD,13.06,13.06,12.65,12.96,1827755.14,23524580.33
15/02/2017,ETHUSD,12.98,13.23,12.73,13.06,16210.11,208678.65
14/02/2017,ETHUSD,11.31,13.41,11.3,12.98,28179.74,347883.23
13/02/2017,ETHUSD,11.36,11.49,11.27,11.31,4384.39,49567.69
12/02/2017,ETHUSD,11.39,11.41,11.36,11.36,3642.93,41457.8
11/02/2017,ETHUSD,11.31,11.39,11.28,11.39,2766.97,31376.45
10/02/2017,ETHUSD,11.06,11.44,10.87,11.31,6767.39,75345.73
09/02/2017,ETHUSD,11.47,11.61,10.51,11.06,8642.56,94564.31
08/02/2017,ETHUSD,11.51,11.74,11.25,11.47,2513.27,28968.82
07/02/2017,ETHUSD,11.32,11.51,11.24,11.51,2185.12,24963.02
06/02/2017,ETHUSD,11.23,11.32,11.22,11.32,1479.98,16704.42
05/02/2017,ETHUSD,11.3,11.39,11.04,11.23,1374.79,15418.66
04/02/2017,ETHUSD,10.98,11.41,10.98,11.3,6240.84,69555.94
03/02/2017,ETHUSD,10.78,10.99,10.5,10.98,111975.14,1229031.76
02/02/2017,ETHUSD,10.73,10.99,10.58,10.78,114590.06,1252114.29
01/02/2017,ETHUSD,10.76,10.95,10.57,10.73,77900.9,844664.36
31/01/2017,ETHUSD,10.73,10.93,10.61,10.76,33762.77,367332.22
30/01/2017,ETHUSD,10.51,10.9,10.51,10.73,31052.25,335625.22
29/01/2017,ETHUSD,10.58,10.64,10.51,10.51,690.21,7284.26
28/01/2017,ETHUSD,10.68,10.7,10.58,10.58,215.89,2298.24
27/01/2017,ETHUSD,10.71,10.76,10.51,10.68,5435.34,58030.17
26/01/2017,ETHUSD,10.66,10.71,10.51,10.71,1358.8,14451.33
25/01/2017,ETHUSD,10.57,10.71,10.48,10.66,3630.46,38444.88
24/01/2017,ETHUSD,10.77,10.77,10.57,10.57,2026.5,21535.92
23/01/2017,ETHUSD,10.76,10.77,10.71,10.77,1319.99,14184.53
22/01/2017,ETHUSD,10.86,10.92,10.64,10.76,2846.07,30882.33
21/01/2017,ETHUSD,10.72,10.93,10.64,10.86,2629.25,28412.64
20/01/2017,ETHUSD,10.45,10.72,10.45,10.72,2778.75,29545.69
19/01/2017,ETHUSD,10.25,10.73,10.19,10.45,3491.86,36474.22
18/01/2017,ETHUSD,10.15,10.44,10,10.25,1200.56,12282.19
17/01/2017,ETHUSD,9.6,10.44,9.6,10.15,7147.2,72471.52
16/01/2017,ETHUSD,9.81,10.01,9.6,9.6,3069.29,29707.23
15/01/2017,ETHUSD,9.88,10.01,9.79,9.81,526.41,5237.91
14/01/2017,ETHUSD,10.24,10.24,9.69,9.88,1982.09,19560.78
13/01/2017,ETHUSD,9.76,10.25,9.56,10.24,3501.79,34623.93
12/01/2017,ETHUSD,9.87,10.47,9.4,9.76,11446.77,113401.47
11/01/2017,ETHUSD,10.68,10.74,9.5,9.87,8385.73,84613.14
10/01/2017,ETHUSD,10.24,10.74,10.24,10.68,6278.68,66110.04
09/01/2017,ETHUSD,10.42,10.93,10.02,10.24,3208.09,33737.65
08/01/2017,ETHUSD,10.07,10.42,9.71,10.42,7057.56,70510.71
07/01/2017,ETHUSD,10.19,10.32,9.41,10.07,4595.48,44953.43
06/01/2017,ETHUSD,10.59,10.59,9.53,10.19,2692.91,27219.77
05/01/2017,ETHUSD,11,11.94,9.2,10.59,9251.79,100221.25
04/01/2017,ETHUSD,9.76,11.15,9.73,11,9804.29,103742.17
03/01/2017,ETHUSD,8.55,9.98,8.3,9.76,7480.04,71537.37
02/01/2017,ETHUSD,8.24,8.55,8.15,8.55,2295.84,19316.7
01/01/2017,ETHUSD,8.1,8.54,8.1,8.24,1086.41,8964.62
31/12/2016,ETHUSD,8.54,8.54,8.08,8.1,960.73,7838.95
30/12/2016,ETHUSD,8.38,8.54,8.1,8.54,911.58,7640.21
29/12/2016,ETHUSD,8.03,8.54,7.66,8.38,1426.67,11942.16
28/12/2016,ETHUSD,7.23,8.54,7.13,8.03,6024.4,47650.62
27/12/2016,ETHUSD,7.29,7.49,7.12,7.23,576.22,4182.95
26/12/2016,ETHUSD,7.22,7.29,7.17,7.29,508.85,3705.62
25/12/2016,ETHUSD,7.29,7.29,7.2,7.22,520.38,3791.4
24/12/2016,ETHUSD,7.25,7.41,7.19,7.29,738.7,5385.89
23/12/2016,ETHUSD,7.81,7.81,7.17,7.25,1590.7,11772.61
22/12/2016,ETHUSD,7.95,7.97,7.52,7.81,7949.54,60711.17
21/12/2016,ETHUSD,7.58,7.99,7.58,7.95,1782.02,13850.14
20/12/2016,ETHUSD,7.77,7.99,7.58,7.58,726.24,5573.19
19/12/2016,ETHUSD,7.93,7.94,7.72,7.77,343.63,2680.63
18/12/2016,ETHUSD,7.65,7.98,7.65,7.93,486.17,3846.33
17/12/2016,ETHUSD,7.89,7.89,7.54,7.65,322.47,2481.81
16/12/2016,ETHUSD,7.75,7.89,7.51,7.89,785.85,6104.72
15/12/2016,ETHUSD,8.46,8.46,7.75,7.75,1788.86,14220.94
14/12/2016,ETHUSD,8.47,8.47,8.31,8.46,1383.4,11591.76
13/12/2016,ETHUSD,8.45,8.71,8.33,8.47,1002.78,8492.25
12/12/2016,ETHUSD,8.46,8.6,8.3,8.45,404.73,3433.63
11/12/2016,ETHUSD,8.31,8.56,8.1,8.46,37.17,305.23
10/12/2016,ETHUSD,8.64,8.65,8.15,8.31,327.98,2752.64
09/12/2016,ETHUSD,8.3,8.67,8.02,8.64,1241.11,10380.89
08/12/2016,ETHUSD,8.56,8.75,8.25,8.3,1103.6,9360.15
07/12/2016,ETHUSD,7.8,8.56,7.41,8.56,3612.61,28505.95
06/12/2016,ETHUSD,6.77,8.15,5.99,7.8,9025.84,63740.62
05/12/2016,ETHUSD,7.55,7.62,6.75,6.77,3813.59,26978.25
04/12/2016,ETHUSD,8.1,8.16,7.52,7.55,780.41,6053.44
03/12/2016,ETHUSD,7.45,8.25,7.45,8.1,9598.35,75884.89
02/12/2016,ETHUSD,8.39,8.46,7.24,7.45,14100.39,106238.92
01/12/2016,ETHUSD,8.64,8.64,8.25,8.39,2378.79,20164.49
30/11/2016,ETHUSD,8.37,9.14,8.22,8.64,1304.73,11187.8
29/11/2016,ETHUSD,8.77,9.02,8,8.37,2774.51,22794.22
28/11/2016,ETHUSD,8.91,9.41,8.77,8.77,1058.61,9387.08
27/11/2016,ETHUSD,9.5,9.87,8.9,8.91,2139.29,19376.75
26/11/2016,ETHUSD,9.51,9.57,9.31,9.5,208.95,1978.11
25/11/2016,ETHUSD,9.4,9.69,9.2,9.51,2518.66,23538.72
24/11/2016,ETHUSD,9.79,9.91,9.01,9.4,4791.53,44070.5
23/11/2016,ETHUSD,9.87,9.97,9.78,9.79,878.46,8634.06
22/11/2016,ETHUSD,9.6,10.19,9.55,9.87,2359.89,23226.32
21/11/2016,ETHUSD,9.5,9.61,9.5,9.6,467.23,4466.07
20/11/2016,ETHUSD,9.83,9.86,9.5,9.5,513.86,4942.32
19/11/2016,ETHUSD,9.52,9.92,9.51,9.83,636.39,6217.66
18/11/2016,ETHUSD,9.98,10,9.5,9.52,3954.9,38682.18
17/11/2016,ETHUSD,9.96,10.36,9.93,9.98,774.43,7784.43
16/11/2016,ETHUSD,10.4,10.4,9.94,9.96,3836.88,38333.43
15/11/2016,ETHUSD,10.05,10.4,9.9,10.4,900.82,9172.2
14/11/2016,ETHUSD,10.22,10.22,9.86,10.05,579.15,5843.46
13/11/2016,ETHUSD,10,10.22,9.68,10.22,1717.56,17377.65
12/11/2016,ETHUSD,10.26,10.33,9.75,10,2034.96,20380.46
11/11/2016,ETHUSD,10.6,10.73,10.26,10.26,1347.8,14065.68
10/11/2016,ETHUSD,10.79,11.95,10.59,10.6,1519.4,16607.02
09/11/2016,ETHUSD,10.91,10.98,10.45,10.79,3521.56,37829.05
08/11/2016,ETHUSD,11,11.19,10.86,10.91,2047.18,22473.35
07/11/2016,ETHUSD,10.89,11.2,10.89,11,211.92,2353.53
06/11/2016,ETHUSD,11.11,11.15,10.89,10.89,828.38,9096.76
05/11/2016,ETHUSD,11.11,11.2,11.01,11.07,352.69,3922.22
04/11/2016,ETHUSD,10.82,11.19,10.81,11.11,390.99,4318.98
03/11/2016,ETHUSD,10.87,11.19,10.75,10.82,1400.36,15301.09
02/11/2016,ETHUSD,10.7,11.43,10.62,10.87,820.08,8981.98
01/11/2016,ETHUSD,11.01,11.47,10.41,10.7,3576.69,38434.49
31/10/2016,ETHUSD,11.35,11.56,11.01,11.01,2214.4,24875.24
30/10/2016,ETHUSD,10.36,11.43,10.3,11.35,1816.99,19976.62
29/10/2016,ETHUSD,11.07,11.56,9.88,10.36,5814.95,60679.93
28/10/2016,ETHUSD,11.43,11.43,11.05,11.07,4388.98,49426.21
27/10/2016,ETHUSD,11.5,11.58,11.3,11.43,1451.78,16594.85
26/10/2016,ETHUSD,11.59,11.87,11.35,11.5,690.31,7960.5
25/10/2016,ETHUSD,11.98,12.2,11.11,11.59,4427.42,51421.55
24/10/2016,ETHUSD,12.05,12.05,11.85,11.98,8362.9,100271.77
23/10/2016,ETHUSD,12.04,12.08,12,12.05,451.85,5432.48
22/10/2016,ETHUSD,12,12.08,12,12.04,211.94,2556
21/10/2016,ETHUSD,12.08,12.08,12,12,439.15,5286.98
20/10/2016,ETHUSD,11.93,12.18,11.81,12.08,2486.99,29758.11
19/10/2016,ETHUSD,12.51,12.96,11.82,11.93,2602.01,31411.54
18/10/2016,ETHUSD,12,12.96,12,12.51,2545.52,32212.99
17/10/2016,ETHUSD,11.98,12,11.82,12,425.49,5052.33
16/10/2016,ETHUSD,12,12.04,11.95,11.98,367.75,4406.35
15/10/2016,ETHUSD,11.93,12.02,11.82,12,1697.85,20095.81
14/10/2016,ETHUSD,12.14,12.15,11.87,11.93,332.89,3981.26
13/10/2016,ETHUSD,11.82,12.19,11.78,12.14,591.83,7085.9
12/10/2016,ETHUSD,11.73,12,11.65,11.82,3710.1,43691.56
11/10/2016,ETHUSD,11.76,12.22,11.73,11.73,889.99,10599.45
10/10/2016,ETHUSD,12.33,12.33,11.65,11.76,776.21,9235.65
09/10/2016,ETHUSD,12.33,12.7,12.03,12.33,744.61,9213.66
08/10/2016,ETHUSD,12.63,12.82,12.14,12.33,733.39,9105.3
07/10/2016,ETHUSD,12.91,13.49,12.36,12.63,4951.49,62284.31
06/10/2016,ETHUSD,13.1,13.42,12.74,12.91,4023.44,52026.22
05/10/2016,ETHUSD,13.4,13.7,13.1,13.1,1648.1,21776.95
04/10/2016,ETHUSD,13.36,13.61,13.25,13.4,2575.01,34690.1
03/10/2016,ETHUSD,13.3,13.51,13.1,13.36,1455.65,19422.72
02/10/2016,ETHUSD,13.28,13.3,13.1,13.3,2052.47,26955.1
01/10/2016,ETHUSD,13.21,13.41,13.13,13.28,621.82,8223.21
30/09/2016,ETHUSD,13.25,13.44,13.14,13.21,1985.88,26244.23
29/09/2016,ETHUSD,13.22,13.38,13.13,13.25,810.28,10740.17
28/09/2016,ETHUSD,13.03,13.68,13.03,13.22,1334.56,17739
27/09/2016,ETHUSD,12.96,13.71,12.96,13.03,2867.25,38126.86
26/09/2016,ETHUSD,13.03,13.16,12.9,12.96,1741.39,22571.97
25/09/2016,ETHUSD,12.97,13.11,12.9,13.03,82.78,1078.85
24/09/2016,ETHUSD,13.52,13.52,12.84,12.97,1090.4,14372.64
23/09/2016,ETHUSD,13.1,13.59,12.98,13.52,2704.98,36296.1
22/09/2016,ETHUSD,13.5,14.02,12.51,13.1,2471.21,33033.42
21/09/2016,ETHUSD,14.45,14.45,12.97,13.5,3045.12,41214.3
20/09/2016,ETHUSD,13.05,14.45,13.05,14.45,7111.35,97179.15
19/09/2016,ETHUSD,12.31,13.09,12.2,13.05,4333.69,55819.87
18/09/2016,ETHUSD,12.7,12.91,12.2,12.31,2918.02,37033.8
17/09/2016,ETHUSD,12.5,12.8,12.45,12.7,1487.71,18739.26
16/09/2016,ETHUSD,12,12.75,11.93,12.5,3797.03,46791.32
15/09/2016,ETHUSD,12,12.02,11.85,12,1417.31,16920.68
14/09/2016,ETHUSD,11.93,12.02,11.91,12,1129.52,13532.03
13/09/2016,ETHUSD,11.88,12.16,11.83,11.93,3579.81,42972.96
12/09/2016,ETHUSD,11.73,11.92,11.61,11.88,1642.19,19332.96
11/09/2016,ETHUSD,11.98,12.05,11.73,11.73,800.01,9551.98
10/09/2016,ETHUSD,11.62,12,11.4,11.98,1408.05,16520.33
09/09/2016,ETHUSD,11.48,11.74,10.5,11.62,4024.18,45734.21
08/09/2016,ETHUSD,11.69,11.78,11.3,11.48,1646.03,18898.34
07/09/2016,ETHUSD,11.74,11.99,11.57,11.69,873.58,10261.27
06/09/2016,ETHUSD,11.98,12,11.5,11.74,462.9,5390.85
05/09/2016,ETHUSD,11.8,12,11.7,11.98,650.46,7662.04
04/09/2016,ETHUSD,12,12.09,11.58,11.8,359.9,4267.59
03/09/2016,ETHUSD,12.15,12.51,11.61,12,2109.78,25691.28
02/09/2016,ETHUSD,12.43,12.43,11.89,12.15,1520.87,18492.14
01/09/2016,ETHUSD,11.5,13.5,11.5,12.43,4992.16,61270.91
31/08/2016,ETHUSD,11.3,13.5,11.2,11.5,6153.48,73615.09
30/08/2016,ETHUSD,11.08,11.3,11.06,11.3,1988.55,22274.17
29/08/2016,ETHUSD,11.09,11.24,10.93,11.08,1845.55,20272.56
28/08/2016,ETHUSD,11.3,11.3,11.02,11.09,338.7,3756.63
27/08/2016,ETHUSD,11.32,11.44,11.19,11.3,384.1,4346.84
26/08/2016,ETHUSD,11.22,11.49,11.22,11.32,1115.02,12723.85
25/08/2016,ETHUSD,11.02,11.35,11.02,11.22,764.66,8586.19
24/08/2016,ETHUSD,11.07,11.35,11.02,11.02,707.3,7855.77
23/08/2016,ETHUSD,11.36,11.41,11.04,11.07,1140.95,12762.12
22/08/2016,ETHUSD,11.28,11.5,11.15,11.36,1609.02,18127.43
21/08/2016,ETHUSD,11.05,11.28,11.01,11.28,310.65,3460.08
20/08/2016,ETHUSD,10.8,11.48,10.8,11.05,1754.43,19670.72
19/08/2016,ETHUSD,10.84,11,10.8,10.8,896.15,9751.47
18/08/2016,ETHUSD,10.84,11.74,10.8,10.84,1719.17,19068.6
17/08/2016,ETHUSD,11.34,11.34,10.84,10.84,1566.9,17287.19
16/08/2016,ETHUSD,11.36,11.38,11.03,11.34,1448.23,16204.91
15/08/2016,ETHUSD,11.21,11.51,11.02,11.36,2833.37,31784.56
14/08/2016,ETHUSD,11.73,11.76,11.21,11.21,1008.92,11562.61
13/08/2016,ETHUSD,11.89,11.95,11.57,11.73,1628.52,19202.66
12/08/2016,ETHUSD,11.75,12.12,11.75,11.89,2333.59,27859.11
11/08/2016,ETHUSD,12.35,12.46,11.68,11.75,1781.72,21465.53
10/08/2016,ETHUSD,12.38,12.68,11.91,12.35,3789.16,46532.27
09/08/2016,ETHUSD,11.5,12.5,11.16,12.38,5027.99,59298.45
08/08/2016,ETHUSD,11.01,11.5,11.01,11.5,2419.07,27314.09
07/08/2016,ETHUSD,11.03,11.21,10.86,11.01,852.22,9386.03
06/08/2016,ETHUSD,11.42,11.42,10.65,11.03,833.65,9204.72
05/08/2016,ETHUSD,11.64,11.64,11,11.42,1238.55,13932.68
04/08/2016,ETHUSD,10.44,12.49,10.2,11.64,2336.52,26087.66
03/08/2016,ETHUSD,8.52,10.49,8.51,10.44,15559.61,147057.89
02/08/2016,ETHUSD,11.24,11.24,7.6,8.52,15825.29,148104.14
01/08/2016,ETHUSD,11.91,11.91,11,11.24,5498.03,63805.36
31/07/2016,ETHUSD,12.75,12.75,11.79,11.91,2145.8,26442.05
30/07/2016,ETHUSD,12.98,13.1,12.67,12.75,1031.85,13205.62
29/07/2016,ETHUSD,13.29,13.29,12.72,12.98,624.5,8082.89
28/07/2016,ETHUSD,13.34,13.34,12.66,13.29,2241.36,29043.39
27/07/2016,ETHUSD,12.24,13.45,12.03,13.34,4326.15,54634.34
26/07/2016,ETHUSD,13.75,14.15,11.96,12.24,15645.05,202039.14
25/07/2016,ETHUSD,12.34,13.75,12.34,13.75,4072.6,54781.56
24/07/2016,ETHUSD,14.45,15,12.32,12.34,7630.38,103887.03
23/07/2016,ETHUSD,14.74,15.72,14.45,14.45,3588.26,52900.59
22/07/2016,ETHUSD,13.09,14.82,12.8,14.74,11438.83,160927.98
21/07/2016,ETHUSD,12.65,13.1,12.07,13.09,6365.46,81080.57
20/07/2016,ETHUSD,11.97,14,11.52,12.65,7431.21,94625.9
19/07/2016,ETHUSD,11.15,13.47,11.13,11.97,4735.25,56733.29
18/07/2016,ETHUSD,11.32,11.79,11.15,11.15,1348.5,15501.09
17/07/2016,ETHUSD,10.2,11.8,10.2,11.32,787.78,9138.26
16/07/2016,ETHUSD,12.2,12.21,10.2,10.2,2574.99,29817.29
15/07/2016,ETHUSD,11.52,12.98,11.51,12.2,3977.4,47950.33
14/07/2016,ETHUSD,10.76,11.71,10.72,11.52,1985.32,22413.25
13/07/2016,ETHUSD,10.87,11.3,10.5,10.76,1800.92,19276.88
12/07/2016,ETHUSD,10.83,11.35,10.49,10.87,1963.68,21081.36
11/07/2016,ETHUSD,11.13,11.13,10.4,10.83,3726.61,39555.25
10/07/2016,ETHUSD,11.09,11.2,10.9,11.13,1557.73,17337.86
09/07/2016,ETHUSD,11.57,11.88,10.87,11.09,1975.47,22652.73
08/07/2016,ETHUSD,10.1,11.88,10.1,11.57,5714.93,62779.17
07/07/2016,ETHUSD,11,11,9.83,10.1,2702.99,27389.78
06/07/2016,ETHUSD,10.69,11.9,10.51,11,3600.05,39755.59
05/07/2016,ETHUSD,11.45,11.99,9.67,10.69,13438.7,142497.24
04/07/2016,ETHUSD,11.89,11.89,11.41,11.45,1413.04,16385
03/07/2016,ETHUSD,12.09,12.37,11.51,11.89,3909.02,45899.25
02/07/2016,ETHUSD,12.26,12.26,11.97,12.09,1765.73,21285.08
01/07/2016,ETHUSD,12.5,12.5,11.73,12.26,5085.21,60828.15
30/06/2016,ETHUSD,12.95,12.95,12.08,12.5,2609.25,32498.77
29/06/2016,ETHUSD,12.26,13,11.75,12.95,7941.36,97216.67
28/06/2016,ETHUSD,15.29,15.29,11.57,12.26,17413.49,218801.66
27/06/2016,ETHUSD,13.82,15.72,13.63,15.29,3796.06,53605.18
26/06/2016,ETHUSD,14.49,14.51,13.71,13.82,1066.05,14920.75
25/06/2016,ETHUSD,14.14,14.8,14.14,14.49,1050.2,14987.16
24/06/2016,ETHUSD,13.76,14.35,13.33,14.14,7828.3,109878.6
23/06/2016,ETHUSD,13.43,14.79,12.7,13.76,5147.88,68517.04
22/06/2016,ETHUSD,12.8,15.75,12.7,13.43,35749.91,519783.26
21/06/2016,ETHUSD,11.85,12.97,11.3,12.8,10773.89,131061.21
20/06/2016,ETHUSD,12.59,12.6,10.69,11.85,44972.27,517723.73
19/06/2016,ETHUSD,11.42,15.55,10.53,12.59,14349,176949.45
18/06/2016,ETHUSD,15.65,15.67,9,11.42,38541.26,469540.31
17/06/2016,ETHUSD,20.95,21.44,13.75,15.65,56219.2,936997.53
16/06/2016,ETHUSD,18.39,25.05,18.39,20.95,26153.23,537830.28
15/06/2016,ETHUSD,18.92,19.06,17.51,18.39,7858.19,145393.21
14/06/2016,ETHUSD,17.64,19.07,16.52,18.92,15418.29,279198.37
13/06/2016,ETHUSD,15.75,17.64,15.57,17.64,14199.54,238127.31
12/06/2016,ETHUSD,14.11,15.75,14.11,15.75,22319.13,330128.78
11/06/2016,ETHUSD,13.97,14.16,13.84,14.11,1327.38,18638.86
10/06/2016,ETHUSD,14.47,14.47,13.83,13.97,2607.96,36973.65
09/06/2016,ETHUSD,14.51,14.55,14.36,14.47,1827.07,26488.64
08/06/2016,ETHUSD,14.5,14.73,14.38,14.51,13512.07,197039.09
07/06/2016,ETHUSD,14.16,14.64,13.93,14.5,6686.81,95411.45
06/06/2016,ETHUSD,13.91,14.4,13.83,14.16,3665.31,51421.8
05/06/2016,ETHUSD,13.86,13.92,13.7,13.91,787.49,10869.67
04/06/2016,ETHUSD,14.02,14.16,13.64,13.86,4330.5,59977.39
03/06/2016,ETHUSD,13.9,16.05,13.5,14.02,11426.53,157342.19
02/06/2016,ETHUSD,13.95,14.13,13.82,13.9,942.85,13180.38
01/06/2016,ETHUSD,14.18,14.35,13.54,13.95,6390.06,89027.81
31/05/2016,ETHUSD,12.66,14.35,12.52,14.18,15674.97,212221.49
30/05/2016,ETHUSD,12.53,12.79,12.41,12.66,7805.15,98059.56
29/05/2016,ETHUSD,11.81,12.73,11.5,12.53,8275.37,99868.3
28/05/2016,ETHUSD,11.39,12.27,10.41,11.81,10997.83,125407.35
27/05/2016,ETHUSD,12.6,12.61,10.64,11.39,7755.79,87322.56
26/05/2016,ETHUSD,12.53,12.9,12.2,12.6,6065.53,75672.66
25/05/2016,ETHUSD,12.82,12.89,11.83,12.53,11737.45,147099.56
24/05/2016,ETHUSD,13.55,13.79,12.12,12.82,7947,102066.33
23/05/2016,ETHUSD,14.2,14.43,13.44,13.55,5266.88,72864.1
22/05/2016,ETHUSD,13.97,14.45,13.75,14.2,2865.95,40196.46
21/05/2016,ETHUSD,13.9,13.98,13.09,13.97,4069.43,55049.27
20/05/2016,ETHUSD,14.5,14.77,13.54,13.9,10944.34,156604.67
19/05/2016,ETHUSD,13.3,14.5,13.3,14.5,6077.46,85755.39
18/05/2016,ETHUSD,12.23,14,12.23,13.3,6130.3,80378.8
17/05/2016,ETHUSD,11.37,12.49,11.28,12.23,7240.04,86866.35
16/05/2016,ETHUSD,10.06,11.41,10.06,11.37,3345.92,36755.89
15/05/2016,ETHUSD,10.25,10.59,10.06,10.06,1433.64,14872.14
14/05/2016,ETHUSD,10.69,10.98,10.01,10.25,670.55,7005.9
13/05/2016,ETHUSD,10.2,11.59,10.2,10.69,1769.71,18923.55
12/05/2016,ETHUSD,10.43,12,9.92,10.2,2072.56,22183.39
11/05/2016,ETHUSD,9.68,10.47,9.68,10.43,3052.51,30978.11
10/05/2016,ETHUSD,9.98,9.98,9.36,9.68,672.06,6578.2
09/05/2016,ETHUSD,12,12,9.36,9.98,1317.9,12885.06